{"cameraMode":{"drawMode":0,"name":"Shaded","section":"Shading Mode"},"sceneLighting":true,"audioPlay":false,"sceneViewState":{"showFog":true,"showMaterialUpdate":false,"showSkybox":true,"showFlares":true,"showImageEffects":true,"showParticleSystems":true},"in2DMode":false,"pivot":{"x":0.020387232303619386,"y":-5.321931838989258,"z":11.448589324951172},"rotation":{"x":-0.25399112701416018,"y":0.006380488630384207,"z":-0.001675570965744555,"w":-0.9671840667724609},"size":18.166275024414064,"orthographic":false}