{"cameraMode":{"drawMode":0,"name":"Shaded","section":"Shading Mode"},"sceneLighting":true,"audioPlay":false,"sceneViewState":{"showFog":true,"showMaterialUpdate":false,"showSkybox":true,"showFlares":true,"showImageEffects":true,"showParticleSystems":true},"in2DMode":false,"pivot":{"x":4.4912109375,"y":0.5560302734375,"z":3.279296875},"rotation":{"x":-0.07132595032453537,"y":-0.017953097820281984,"z":0.0012840444687753916,"w":-0.9972906708717346},"size":16.491985321044923,"orthographic":true}