{"cameraMode":{"drawMode":0,"name":"Shaded","section":"Shading Mode"},"sceneLighting":true,"audioPlay":false,"sceneViewState":{"showFog":true,"showMaterialUpdate":false,"showSkybox":true,"showFlares":true,"showImageEffects":true,"showParticleSystems":true},"in2DMode":false,"pivot":{"x":-0.0888671875,"y":1.4501953125,"z":-0.156005859375},"rotation":{"x":-0.17293451726436616,"y":0.24248048663139344,"z":-0.04397366940975189,"w":-0.9536054134368897},"size":7.584329605102539,"orthographic":true}