{"cameraMode":{"drawMode":0,"name":"Shaded","section":"Shading Mode"},"sceneLighting":true,"audioPlay":false,"sceneViewState":{"showFog":true,"showMaterialUpdate":false,"showSkybox":true,"showFlares":true,"showImageEffects":true,"showParticleSystems":true},"in2DMode":false,"pivot":{"x":-2.41949462890625,"y":1.37841796875,"z":-0.16015625},"rotation":{"x":0.0288635715842247,"y":-0.7389363646507263,"z":0.031717296689748767,"w":0.672409176826477},"size":9.487022399902344,"orthographic":true}