{"cameraMode":{"drawMode":0,"name":"Shaded","section":"Shading Mode"},"sceneLighting":true,"audioPlay":false,"sceneViewState":{"showFog":true,"showMaterialUpdate":false,"showSkybox":true,"showFlares":true,"showImageEffects":true,"showParticleSystems":true},"in2DMode":false,"pivot":{"x":0.2813769578933716,"y":-2.6502809524536135,"z":3.9524879455566408},"rotation":{"x":0.31616300344467165,"y":-0.03414371982216835,"z":0.011386832222342492,"w":0.9480218887329102},"size":17.412395477294923,"orthographic":false}