{"cameraMode":{"drawMode":0,"name":"Shaded","section":"Shading Mode"},"sceneLighting":true,"audioPlay":false,"sceneViewState":{"showFog":true,"showMaterialUpdate":false,"showSkybox":true,"showFlares":true,"showImageEffects":true,"showParticleSystems":true},"in2DMode":false,"pivot":{"x":14.060546875,"y":2.41162109375,"z":-7.417816162109375},"rotation":{"x":-0.0803195983171463,"y":0.6998205184936523,"z":-0.07970540970563889,"w":-0.7052992582321167},"size":14.506248474121094,"orthographic":true}