{"cameraMode":{"drawMode":0,"name":"Shaded","section":"Shading Mode"},"sceneLighting":true,"audioPlay":false,"sceneViewState":{"showFog":true,"showMaterialUpdate":false,"showSkybox":true,"showFlares":true,"showImageEffects":true,"showParticleSystems":true},"in2DMode":false,"pivot":{"x":2.755859375,"y":3.83984375,"z":-8.089111328125},"rotation":{"x":-0.15477198362350465,"y":-0.004445766564458609,"z":0.000696416711434722,"w":-0.9879400134086609},"size":16.82421112060547,"orthographic":true}