{"cameraMode":{"drawMode":0,"name":"Shaded","section":"Shading Mode"},"sceneLighting":true,"audioPlay":false,"sceneViewState":{"showFog":true,"showMaterialUpdate":false,"showSkybox":true,"showFlares":true,"showImageEffects":true,"showParticleSystems":true},"in2DMode":false,"pivot":{"x":3.4868860244750978,"y":-9.993334770202637,"z":1.3126144409179688},"rotation":{"x":-0.21640722453594209,"y":0.186698317527771,"z":-0.0422024242579937,"w":-0.9573560953140259},"size":42.354923248291019,"orthographic":false}